ADM3_PCODE,ADM0_EN,ADM0_FR,ADM0_RW,ADM0_SW,ADM0_PCODE,ADM1_EN,ADM1_FR,ADM1_RW,ADM1_PCODE,ADM2_EN,ADM2_PCODE,ADM3_EN,ADM3_PCODE,ADM3ALT1EN
RW1101,Rwanda,Rwanda (le),U Rwanda,Rwanda,RW,Kigali City,Ville de Kigali,Umujyi wa Kigali,RW1,Nyarugenge,RW11,Gitega,RW1101,
RW1102,Rwanda,Rwanda (le),U Rwanda,Rwanda,RW,Kigali City,Ville de Kigali,Umujyi wa Kigali,RW1,Nyarugenge,RW11,Kanyinya,RW1102,
RW1103,Rwanda,Rwanda (le),U Rwanda,Rwanda,RW,Kigali City,Ville de Kigali,Umujyi wa Kigali,RW1,Nyarugenge,RW11,Kigali,RW1103,
RW1104,Rwanda,Rwanda (le),U Rwanda,Rwanda,RW,Kigali City,Ville de Kigali,Umujyi wa Kigali,RW1,Nyarugenge,RW11,Kimisagara,RW1104,
RW1105,Rwanda,Rwanda (le),U Rwanda,Rwanda,RW,Kigali City,Ville de Kigali,Umujyi wa Kigali,RW1,Nyarugenge,RW11,Mageregere,RW1105,Mageragere
RW1106,Rwanda,Rwanda (le),U Rwanda,Rwanda,RW,Kigali City,Ville de Kigali,Umujyi wa Kigali,RW1,Nyarugenge,RW11,Muhima,RW1106,
RW1107,Rwanda,Rwanda (le),U Rwanda,Rwanda,RW,Kigali City,Ville de Kigali,Umujyi wa Kigali,RW1,Nyarugenge,RW11,Nyakabanda,RW1107,
RW1108,Rwanda,Rwanda (le),U Rwanda,Rwanda,RW,Kigali City,Ville de Kigali,Umujyi wa Kigali,RW1,Nyarugenge,RW11,Nyamirambo,RW1108,
RW1109,Rwanda,Rwanda (le),U Rwanda,Rwanda,RW,Kigali City,Ville de Kigali,Umujyi wa Kigali,RW1,Nyarugenge,RW11,Nyarugenge,RW1109,
RW1110,Rwanda,Rwanda (le),U Rwanda,Rwanda,RW,Kigali City,Ville de Kigali,Umujyi wa Kigali,RW1,Nyarugenge,RW11,Rwezamenyo,RW1110,
RW1201,Rwanda,Rwanda (le),U Rwanda,Rwanda,RW,Kigali City,Ville de Kigali,Umujyi wa Kigali,RW1,Gasabo,RW12,Bumbogo,RW1201,
RW1202,Rwanda,Rwanda (le),U Rwanda,Rwanda,RW,Kigali City,Ville de Kigali,Umujyi wa Kigali,RW1,Gasabo,RW12,Gatsata,RW1202,
RW1203,Rwanda,Rwanda (le),U Rwanda,Rwanda,RW,Kigali City,Ville de Kigali,Umujyi wa Kigali,RW1,Gasabo,RW12,Gikomero,RW1203,
RW1204,Rwanda,Rwanda (le),U Rwanda,Rwanda,RW,Kigali City,Ville de Kigali,Umujyi wa Kigali,RW1,Gasabo,RW12,Gisozi,RW1204,
RW1205,Rwanda,Rwanda (le),U Rwanda,Rwanda,RW,Kigali City,Ville de Kigali,Umujyi wa Kigali,RW1,Gasabo,RW12,Jabana,RW1205,
RW1206,Rwanda,Rwanda (le),U Rwanda,Rwanda,RW,Kigali City,Ville de Kigali,Umujyi wa Kigali,RW1,Gasabo,RW12,Jali,RW1206,
RW1207,Rwanda,Rwanda (le),U Rwanda,Rwanda,RW,Kigali City,Ville de Kigali,Umujyi wa Kigali,RW1,Gasabo,RW12,Kacyiru,RW1207,
RW1208,Rwanda,Rwanda (le),U Rwanda,Rwanda,RW,Kigali City,Ville de Kigali,Umujyi wa Kigali,RW1,Gasabo,RW12,Kimihurura,RW1208,
RW1209,Rwanda,Rwanda (le),U Rwanda,Rwanda,RW,Kigali City,Ville de Kigali,Umujyi wa Kigali,RW1,Gasabo,RW12,Kimironko,RW1209,
RW1210,Rwanda,Rwanda (le),U Rwanda,Rwanda,RW,Kigali City,Ville de Kigali,Umujyi wa Kigali,RW1,Gasabo,RW12,Kinyinya,RW1210,
RW1211,Rwanda,Rwanda (le),U Rwanda,Rwanda,RW,Kigali City,Ville de Kigali,Umujyi wa Kigali,RW1,Gasabo,RW12,Ndera,RW1211,
RW1212,Rwanda,Rwanda (le),U Rwanda,Rwanda,RW,Kigali City,Ville de Kigali,Umujyi wa Kigali,RW1,Gasabo,RW12,Nduba,RW1212,
RW1213,Rwanda,Rwanda (le),U Rwanda,Rwanda,RW,Kigali City,Ville de Kigali,Umujyi wa Kigali,RW1,Gasabo,RW12,Remera,RW1213,
RW1214,Rwanda,Rwanda (le),U Rwanda,Rwanda,RW,Kigali City,Ville de Kigali,Umujyi wa Kigali,RW1,Gasabo,RW12,Rusororo,RW1214,
RW1215,Rwanda,Rwanda (le),U Rwanda,Rwanda,RW,Kigali City,Ville de Kigali,Umujyi wa Kigali,RW1,Gasabo,RW12,Rutunga,RW1215,
RW1301,Rwanda,Rwanda (le),U Rwanda,Rwanda,RW,Kigali City,Ville de Kigali,Umujyi wa Kigali,RW1,Kicukiro,RW13,Gahanga,RW1301,
RW1302,Rwanda,Rwanda (le),U Rwanda,Rwanda,RW,Kigali City,Ville de Kigali,Umujyi wa Kigali,RW1,Kicukiro,RW13,Gatenga,RW1302,
RW1303,Rwanda,Rwanda (le),U Rwanda,Rwanda,RW,Kigali City,Ville de Kigali,Umujyi wa Kigali,RW1,Kicukiro,RW13,Gikondo,RW1303,
RW1304,Rwanda,Rwanda (le),U Rwanda,Rwanda,RW,Kigali City,Ville de Kigali,Umujyi wa Kigali,RW1,Kicukiro,RW13,Kagarama,RW1304,
RW1305,Rwanda,Rwanda (le),U Rwanda,Rwanda,RW,Kigali City,Ville de Kigali,Umujyi wa Kigali,RW1,Kicukiro,RW13,Kanombe,RW1305,
RW1306,Rwanda,Rwanda (le),U Rwanda,Rwanda,RW,Kigali City,Ville de Kigali,Umujyi wa Kigali,RW1,Kicukiro,RW13,Kicukiro,RW1306,
RW1307,Rwanda,Rwanda (le),U Rwanda,Rwanda,RW,Kigali City,Ville de Kigali,Umujyi wa Kigali,RW1,Kicukiro,RW13,Kigarama,RW1307,
RW1308,Rwanda,Rwanda (le),U Rwanda,Rwanda,RW,Kigali City,Ville de Kigali,Umujyi wa Kigali,RW1,Kicukiro,RW13,Masaka,RW1308,
RW1309,Rwanda,Rwanda (le),U Rwanda,Rwanda,RW,Kigali City,Ville de Kigali,Umujyi wa Kigali,RW1,Kicukiro,RW13,Niboye,RW1309,
RW1310,Rwanda,Rwanda (le),U Rwanda,Rwanda,RW,Kigali City,Ville de Kigali,Umujyi wa Kigali,RW1,Kicukiro,RW13,Nyarugunga,RW1310,
RW2101,Rwanda,Rwanda (le),U Rwanda,Rwanda,RW,Southern Province,Province du Sud,Amajyepfo,RW2,Nyanza,RW21,Busasamana,RW2101,
RW2102,Rwanda,Rwanda (le),U Rwanda,Rwanda,RW,Southern Province,Province du Sud,Amajyepfo,RW2,Nyanza,RW21,Busoro,RW2102,
RW2103,Rwanda,Rwanda (le),U Rwanda,Rwanda,RW,Southern Province,Province du Sud,Amajyepfo,RW2,Nyanza,RW21,Cyabakamyi,RW2103,
RW2104,Rwanda,Rwanda (le),U Rwanda,Rwanda,RW,Southern Province,Province du Sud,Amajyepfo,RW2,Nyanza,RW21,Kibilizi,RW2104,
RW2105,Rwanda,Rwanda (le),U Rwanda,Rwanda,RW,Southern Province,Province du Sud,Amajyepfo,RW2,Nyanza,RW21,Kigoma,RW2105,
RW2106,Rwanda,Rwanda (le),U Rwanda,Rwanda,RW,Southern Province,Province du Sud,Amajyepfo,RW2,Nyanza,RW21,Mukingo,RW2106,
RW2107,Rwanda,Rwanda (le),U Rwanda,Rwanda,RW,Southern Province,Province du Sud,Amajyepfo,RW2,Nyanza,RW21,Muyira,RW2107,
RW2108,Rwanda,Rwanda (le),U Rwanda,Rwanda,RW,Southern Province,Province du Sud,Amajyepfo,RW2,Nyanza,RW21,Ntyazo,RW2108,
RW2109,Rwanda,Rwanda (le),U Rwanda,Rwanda,RW,Southern Province,Province du Sud,Amajyepfo,RW2,Nyanza,RW21,Nyagisozi,RW2109,
RW2110,Rwanda,Rwanda (le),U Rwanda,Rwanda,RW,Southern Province,Province du Sud,Amajyepfo,RW2,Nyanza,RW21,Rwabicuma,RW2110,
RW2201,Rwanda,Rwanda (le),U Rwanda,Rwanda,RW,Southern Province,Province du Sud,Amajyepfo,RW2,Gisagara,RW22,Gikonko,RW2201,
RW2202,Rwanda,Rwanda (le),U Rwanda,Rwanda,RW,Southern Province,Province du Sud,Amajyepfo,RW2,Gisagara,RW22,Gishubi,RW2202,
RW2203,Rwanda,Rwanda (le),U Rwanda,Rwanda,RW,Southern Province,Province du Sud,Amajyepfo,RW2,Gisagara,RW22,Kansi,RW2203,
RW2204,Rwanda,Rwanda (le),U Rwanda,Rwanda,RW,Southern Province,Province du Sud,Amajyepfo,RW2,Gisagara,RW22,Kibirizi,RW2204,
RW2205,Rwanda,Rwanda (le),U Rwanda,Rwanda,RW,Southern Province,Province du Sud,Amajyepfo,RW2,Gisagara,RW22,Kigembe,RW2205,
RW2206,Rwanda,Rwanda (le),U Rwanda,Rwanda,RW,Southern Province,Province du Sud,Amajyepfo,RW2,Gisagara,RW22,Mamba,RW2206,
RW2207,Rwanda,Rwanda (le),U Rwanda,Rwanda,RW,Southern Province,Province du Sud,Amajyepfo,RW2,Gisagara,RW22,Muganza,RW2207,
RW2208,Rwanda,Rwanda (le),U Rwanda,Rwanda,RW,Southern Province,Province du Sud,Amajyepfo,RW2,Gisagara,RW22,Mugombwa,RW2208,
RW2209,Rwanda,Rwanda (le),U Rwanda,Rwanda,RW,Southern Province,Province du Sud,Amajyepfo,RW2,Gisagara,RW22,Mukindo,RW2209,
RW2210,Rwanda,Rwanda (le),U Rwanda,Rwanda,RW,Southern Province,Province du Sud,Amajyepfo,RW2,Gisagara,RW22,Musha,RW2210,
RW2211,Rwanda,Rwanda (le),U Rwanda,Rwanda,RW,Southern Province,Province du Sud,Amajyepfo,RW2,Gisagara,RW22,Ndora,RW2211,
RW2212,Rwanda,Rwanda (le),U Rwanda,Rwanda,RW,Southern Province,Province du Sud,Amajyepfo,RW2,Gisagara,RW22,Nyanza,RW2212,
RW2213,Rwanda,Rwanda (le),U Rwanda,Rwanda,RW,Southern Province,Province du Sud,Amajyepfo,RW2,Gisagara,RW22,Save,RW2213,
RW2301,Rwanda,Rwanda (le),U Rwanda,Rwanda,RW,Southern Province,Province du Sud,Amajyepfo,RW2,Nyaruguru,RW23,Busanze,RW2301,
RW2302,Rwanda,Rwanda (le),U Rwanda,Rwanda,RW,Southern Province,Province du Sud,Amajyepfo,RW2,Nyaruguru,RW23,Cyahinda,RW2302,
RW2303,Rwanda,Rwanda (le),U Rwanda,Rwanda,RW,Southern Province,Province du Sud,Amajyepfo,RW2,Nyaruguru,RW23,Kibeho,RW2303,
RW2304,Rwanda,Rwanda (le),U Rwanda,Rwanda,RW,Southern Province,Province du Sud,Amajyepfo,RW2,Nyaruguru,RW23,Kivu,RW2304,
RW2305,Rwanda,Rwanda (le),U Rwanda,Rwanda,RW,Southern Province,Province du Sud,Amajyepfo,RW2,Nyaruguru,RW23,Mata,RW2305,
RW2306,Rwanda,Rwanda (le),U Rwanda,Rwanda,RW,Southern Province,Province du Sud,Amajyepfo,RW2,Nyaruguru,RW23,Muganza,RW2306,
RW2307,Rwanda,Rwanda (le),U Rwanda,Rwanda,RW,Southern Province,Province du Sud,Amajyepfo,RW2,Nyaruguru,RW23,Munini,RW2307,
RW2308,Rwanda,Rwanda (le),U Rwanda,Rwanda,RW,Southern Province,Province du Sud,Amajyepfo,RW2,Nyaruguru,RW23,Ngera,RW2308,
RW2309,Rwanda,Rwanda (le),U Rwanda,Rwanda,RW,Southern Province,Province du Sud,Amajyepfo,RW2,Nyaruguru,RW23,Ngoma,RW2309,
RW2310,Rwanda,Rwanda (le),U Rwanda,Rwanda,RW,Southern Province,Province du Sud,Amajyepfo,RW2,Nyaruguru,RW23,Nyabimata,RW2310,
RW2311,Rwanda,Rwanda (le),U Rwanda,Rwanda,RW,Southern Province,Province du Sud,Amajyepfo,RW2,Nyaruguru,RW23,Nyagisozi,RW2311,
RW2312,Rwanda,Rwanda (le),U Rwanda,Rwanda,RW,Southern Province,Province du Sud,Amajyepfo,RW2,Nyaruguru,RW23,Ruheru,RW2312,
RW2313,Rwanda,Rwanda (le),U Rwanda,Rwanda,RW,Southern Province,Province du Sud,Amajyepfo,RW2,Nyaruguru,RW23,Ruramba,RW2313,
RW2314,Rwanda,Rwanda (le),U Rwanda,Rwanda,RW,Southern Province,Province du Sud,Amajyepfo,RW2,Nyaruguru,RW23,Rusenge,RW2314,
RW2401,Rwanda,Rwanda (le),U Rwanda,Rwanda,RW,Southern Province,Province du Sud,Amajyepfo,RW2,Huye,RW24,Gishamvu,RW2401,
RW2402,Rwanda,Rwanda (le),U Rwanda,Rwanda,RW,Southern Province,Province du Sud,Amajyepfo,RW2,Huye,RW24,Huye,RW2402,
RW2403,Rwanda,Rwanda (le),U Rwanda,Rwanda,RW,Southern Province,Province du Sud,Amajyepfo,RW2,Huye,RW24,Karama,RW2403,
RW2404,Rwanda,Rwanda (le),U Rwanda,Rwanda,RW,Southern Province,Province du Sud,Amajyepfo,RW2,Huye,RW24,Kigoma,RW2404,
RW2405,Rwanda,Rwanda (le),U Rwanda,Rwanda,RW,Southern Province,Province du Sud,Amajyepfo,RW2,Huye,RW24,Kinazi,RW2405,
RW2406,Rwanda,Rwanda (le),U Rwanda,Rwanda,RW,Southern Province,Province du Sud,Amajyepfo,RW2,Huye,RW24,Maraba,RW2406,
RW2407,Rwanda,Rwanda (le),U Rwanda,Rwanda,RW,Southern Province,Province du Sud,Amajyepfo,RW2,Huye,RW24,Mbazi,RW2407,
RW2408,Rwanda,Rwanda (le),U Rwanda,Rwanda,RW,Southern Province,Province du Sud,Amajyepfo,RW2,Huye,RW24,Mukura,RW2408,
RW2409,Rwanda,Rwanda (le),U Rwanda,Rwanda,RW,Southern Province,Province du Sud,Amajyepfo,RW2,Huye,RW24,Ngoma,RW2409,
RW2410,Rwanda,Rwanda (le),U Rwanda,Rwanda,RW,Southern Province,Province du Sud,Amajyepfo,RW2,Huye,RW24,Ruhashya,RW2410,
RW2411,Rwanda,Rwanda (le),U Rwanda,Rwanda,RW,Southern Province,Province du Sud,Amajyepfo,RW2,Huye,RW24,Rusatira,RW2411,
RW2412,Rwanda,Rwanda (le),U Rwanda,Rwanda,RW,Southern Province,Province du Sud,Amajyepfo,RW2,Huye,RW24,Rwaniro,RW2412,
RW2413,Rwanda,Rwanda (le),U Rwanda,Rwanda,RW,Southern Province,Province du Sud,Amajyepfo,RW2,Huye,RW24,Simbi,RW2413,
RW2414,Rwanda,Rwanda (le),U Rwanda,Rwanda,RW,Southern Province,Province du Sud,Amajyepfo,RW2,Huye,RW24,Tumba,RW2414,
RW2501,Rwanda,Rwanda (le),U Rwanda,Rwanda,RW,Southern Province,Province du Sud,Amajyepfo,RW2,Nyamagabe,RW25,Buruhukiro,RW2501,
RW2502,Rwanda,Rwanda (le),U Rwanda,Rwanda,RW,Southern Province,Province du Sud,Amajyepfo,RW2,Nyamagabe,RW25,Cyanika,RW2502,
RW2503,Rwanda,Rwanda (le),U Rwanda,Rwanda,RW,Southern Province,Province du Sud,Amajyepfo,RW2,Nyamagabe,RW25,Gasaka,RW2503,
RW2504,Rwanda,Rwanda (le),U Rwanda,Rwanda,RW,Southern Province,Province du Sud,Amajyepfo,RW2,Nyamagabe,RW25,Gatare,RW2504,
RW2505,Rwanda,Rwanda (le),U Rwanda,Rwanda,RW,Southern Province,Province du Sud,Amajyepfo,RW2,Nyamagabe,RW25,Kaduha,RW2505,
RW2506,Rwanda,Rwanda (le),U Rwanda,Rwanda,RW,Southern Province,Province du Sud,Amajyepfo,RW2,Nyamagabe,RW25,Kamegeri,RW2506,
RW2507,Rwanda,Rwanda (le),U Rwanda,Rwanda,RW,Southern Province,Province du Sud,Amajyepfo,RW2,Nyamagabe,RW25,Kibirizi,RW2507,
RW2508,Rwanda,Rwanda (le),U Rwanda,Rwanda,RW,Southern Province,Province du Sud,Amajyepfo,RW2,Nyamagabe,RW25,Kibumbwe,RW2508,
RW2509,Rwanda,Rwanda (le),U Rwanda,Rwanda,RW,Southern Province,Province du Sud,Amajyepfo,RW2,Nyamagabe,RW25,Kitabi,RW2509,
RW2510,Rwanda,Rwanda (le),U Rwanda,Rwanda,RW,Southern Province,Province du Sud,Amajyepfo,RW2,Nyamagabe,RW25,Mbazi,RW2510,
RW2511,Rwanda,Rwanda (le),U Rwanda,Rwanda,RW,Southern Province,Province du Sud,Amajyepfo,RW2,Nyamagabe,RW25,Mugano,RW2511,
RW2512,Rwanda,Rwanda (le),U Rwanda,Rwanda,RW,Southern Province,Province du Sud,Amajyepfo,RW2,Nyamagabe,RW25,Musange,RW2512,
RW2513,Rwanda,Rwanda (le),U Rwanda,Rwanda,RW,Southern Province,Province du Sud,Amajyepfo,RW2,Nyamagabe,RW25,Musebeya,RW2513,
RW2514,Rwanda,Rwanda (le),U Rwanda,Rwanda,RW,Southern Province,Province du Sud,Amajyepfo,RW2,Nyamagabe,RW25,Mushubi,RW2514,
RW2515,Rwanda,Rwanda (le),U Rwanda,Rwanda,RW,Southern Province,Province du Sud,Amajyepfo,RW2,Nyamagabe,RW25,Nkomane,RW2515,
RW2516,Rwanda,Rwanda (le),U Rwanda,Rwanda,RW,Southern Province,Province du Sud,Amajyepfo,RW2,Nyamagabe,RW25,Tare,RW2516,
RW2517,Rwanda,Rwanda (le),U Rwanda,Rwanda,RW,Southern Province,Province du Sud,Amajyepfo,RW2,Nyamagabe,RW25,Uwinkingi,RW2517,
RW2601,Rwanda,Rwanda (le),U Rwanda,Rwanda,RW,Southern Province,Province du Sud,Amajyepfo,RW2,Ruhango,RW26,Bweramana,RW2601,
RW2602,Rwanda,Rwanda (le),U Rwanda,Rwanda,RW,Southern Province,Province du Sud,Amajyepfo,RW2,Ruhango,RW26,Byimana,RW2602,
RW2603,Rwanda,Rwanda (le),U Rwanda,Rwanda,RW,Southern Province,Province du Sud,Amajyepfo,RW2,Ruhango,RW26,Kabagali,RW2603,Kabagari
RW2604,Rwanda,Rwanda (le),U Rwanda,Rwanda,RW,Southern Province,Province du Sud,Amajyepfo,RW2,Ruhango,RW26,Kinazi,RW2604,
RW2605,Rwanda,Rwanda (le),U Rwanda,Rwanda,RW,Southern Province,Province du Sud,Amajyepfo,RW2,Ruhango,RW26,Kinihira,RW2605,
RW2606,Rwanda,Rwanda (le),U Rwanda,Rwanda,RW,Southern Province,Province du Sud,Amajyepfo,RW2,Ruhango,RW26,Mbuye,RW2606,
RW2607,Rwanda,Rwanda (le),U Rwanda,Rwanda,RW,Southern Province,Province du Sud,Amajyepfo,RW2,Ruhango,RW26,Mwendo,RW2607,
RW2608,Rwanda,Rwanda (le),U Rwanda,Rwanda,RW,Southern Province,Province du Sud,Amajyepfo,RW2,Ruhango,RW26,Ntongwe,RW2608,
RW2609,Rwanda,Rwanda (le),U Rwanda,Rwanda,RW,Southern Province,Province du Sud,Amajyepfo,RW2,Ruhango,RW26,Ruhango,RW2609,
RW2701,Rwanda,Rwanda (le),U Rwanda,Rwanda,RW,Southern Province,Province du Sud,Amajyepfo,RW2,Muhanga,RW27,Cyeza,RW2701,
RW2702,Rwanda,Rwanda (le),U Rwanda,Rwanda,RW,Southern Province,Province du Sud,Amajyepfo,RW2,Muhanga,RW27,Kabacuzi,RW2702,
RW2703,Rwanda,Rwanda (le),U Rwanda,Rwanda,RW,Southern Province,Province du Sud,Amajyepfo,RW2,Muhanga,RW27,Kibangu,RW2703,
RW2704,Rwanda,Rwanda (le),U Rwanda,Rwanda,RW,Southern Province,Province du Sud,Amajyepfo,RW2,Muhanga,RW27,Kiyumba,RW2704,
RW2705,Rwanda,Rwanda (le),U Rwanda,Rwanda,RW,Southern Province,Province du Sud,Amajyepfo,RW2,Muhanga,RW27,Muhanga,RW2705,
RW2706,Rwanda,Rwanda (le),U Rwanda,Rwanda,RW,Southern Province,Province du Sud,Amajyepfo,RW2,Muhanga,RW27,Mushishiro,RW2706,
RW2707,Rwanda,Rwanda (le),U Rwanda,Rwanda,RW,Southern Province,Province du Sud,Amajyepfo,RW2,Muhanga,RW27,Nyabinoni,RW2707,
RW2708,Rwanda,Rwanda (le),U Rwanda,Rwanda,RW,Southern Province,Province du Sud,Amajyepfo,RW2,Muhanga,RW27,Nyamabuye,RW2708,
RW2709,Rwanda,Rwanda (le),U Rwanda,Rwanda,RW,Southern Province,Province du Sud,Amajyepfo,RW2,Muhanga,RW27,Nyarusange,RW2709,
RW2710,Rwanda,Rwanda (le),U Rwanda,Rwanda,RW,Southern Province,Province du Sud,Amajyepfo,RW2,Muhanga,RW27,Rongi,RW2710,
RW2711,Rwanda,Rwanda (le),U Rwanda,Rwanda,RW,Southern Province,Province du Sud,Amajyepfo,RW2,Muhanga,RW27,Rugendabari,RW2711,
RW2712,Rwanda,Rwanda (le),U Rwanda,Rwanda,RW,Southern Province,Province du Sud,Amajyepfo,RW2,Muhanga,RW27,Shyogwe,RW2712,
RW2801,Rwanda,Rwanda (le),U Rwanda,Rwanda,RW,Southern Province,Province du Sud,Amajyepfo,RW2,Kamonyi,RW28,Gacurabwenge,RW2801,
RW2802,Rwanda,Rwanda (le),U Rwanda,Rwanda,RW,Southern Province,Province du Sud,Amajyepfo,RW2,Kamonyi,RW28,Karama,RW2802,
RW2803,Rwanda,Rwanda (le),U Rwanda,Rwanda,RW,Southern Province,Province du Sud,Amajyepfo,RW2,Kamonyi,RW28,Kayenzi,RW2803,
RW2804,Rwanda,Rwanda (le),U Rwanda,Rwanda,RW,Southern Province,Province du Sud,Amajyepfo,RW2,Kamonyi,RW28,Kayumbu,RW2804,
RW2805,Rwanda,Rwanda (le),U Rwanda,Rwanda,RW,Southern Province,Province du Sud,Amajyepfo,RW2,Kamonyi,RW28,Mugina,RW2805,
RW2806,Rwanda,Rwanda (le),U Rwanda,Rwanda,RW,Southern Province,Province du Sud,Amajyepfo,RW2,Kamonyi,RW28,Musambira,RW2806,
RW2807,Rwanda,Rwanda (le),U Rwanda,Rwanda,RW,Southern Province,Province du Sud,Amajyepfo,RW2,Kamonyi,RW28,Ngamba,RW2807,
RW2808,Rwanda,Rwanda (le),U Rwanda,Rwanda,RW,Southern Province,Province du Sud,Amajyepfo,RW2,Kamonyi,RW28,Nyamiyaga,RW2808,
RW2809,Rwanda,Rwanda (le),U Rwanda,Rwanda,RW,Southern Province,Province du Sud,Amajyepfo,RW2,Kamonyi,RW28,Nyarubaka,RW2809,
RW2810,Rwanda,Rwanda (le),U Rwanda,Rwanda,RW,Southern Province,Province du Sud,Amajyepfo,RW2,Kamonyi,RW28,Rugarika,RW2810,Rugalika
RW2811,Rwanda,Rwanda (le),U Rwanda,Rwanda,RW,Southern Province,Province du Sud,Amajyepfo,RW2,Kamonyi,RW28,Rukoma,RW2811,
RW2812,Rwanda,Rwanda (le),U Rwanda,Rwanda,RW,Southern Province,Province du Sud,Amajyepfo,RW2,Kamonyi,RW28,Runda,RW2812,
RW3101,Rwanda,Rwanda (le),U Rwanda,Rwanda,RW,Western Province,Province de l'Ouest,Iburengerazuba,RW3,Karongi,RW31,Bwishyura,RW3101,
RW3102,Rwanda,Rwanda (le),U Rwanda,Rwanda,RW,Western Province,Province de l'Ouest,Iburengerazuba,RW3,Karongi,RW31,Gashari,RW3102,Gishari
RW3103,Rwanda,Rwanda (le),U Rwanda,Rwanda,RW,Western Province,Province de l'Ouest,Iburengerazuba,RW3,Karongi,RW31,Gishyita,RW3103,
RW3104,Rwanda,Rwanda (le),U Rwanda,Rwanda,RW,Western Province,Province de l'Ouest,Iburengerazuba,RW3,Karongi,RW31,Gitesi,RW3104,
RW3105,Rwanda,Rwanda (le),U Rwanda,Rwanda,RW,Western Province,Province de l'Ouest,Iburengerazuba,RW3,Karongi,RW31,Mubuga,RW3105,
RW3106,Rwanda,Rwanda (le),U Rwanda,Rwanda,RW,Western Province,Province de l'Ouest,Iburengerazuba,RW3,Karongi,RW31,Murambi,RW3106,
RW3107,Rwanda,Rwanda (le),U Rwanda,Rwanda,RW,Western Province,Province de l'Ouest,Iburengerazuba,RW3,Karongi,RW31,Murundi,RW3107,
RW3108,Rwanda,Rwanda (le),U Rwanda,Rwanda,RW,Western Province,Province de l'Ouest,Iburengerazuba,RW3,Karongi,RW31,Mutuntu,RW3108,
RW3109,Rwanda,Rwanda (le),U Rwanda,Rwanda,RW,Western Province,Province de l'Ouest,Iburengerazuba,RW3,Karongi,RW31,Rubengera,RW3109,
RW3110,Rwanda,Rwanda (le),U Rwanda,Rwanda,RW,Western Province,Province de l'Ouest,Iburengerazuba,RW3,Karongi,RW31,Rugabano,RW3110,
RW3111,Rwanda,Rwanda (le),U Rwanda,Rwanda,RW,Western Province,Province de l'Ouest,Iburengerazuba,RW3,Karongi,RW31,Ruganda,RW3111,
RW3112,Rwanda,Rwanda (le),U Rwanda,Rwanda,RW,Western Province,Province de l'Ouest,Iburengerazuba,RW3,Karongi,RW31,Rwankuba,RW3112,
RW3113,Rwanda,Rwanda (le),U Rwanda,Rwanda,RW,Western Province,Province de l'Ouest,Iburengerazuba,RW3,Karongi,RW31,Twumba,RW3113,
RW3201,Rwanda,Rwanda (le),U Rwanda,Rwanda,RW,Western Province,Province de l'Ouest,Iburengerazuba,RW3,Rutsiro,RW32,Boneza,RW3201,
RW3202,Rwanda,Rwanda (le),U Rwanda,Rwanda,RW,Western Province,Province de l'Ouest,Iburengerazuba,RW3,Rutsiro,RW32,Gihango,RW3202,
RW3203,Rwanda,Rwanda (le),U Rwanda,Rwanda,RW,Western Province,Province de l'Ouest,Iburengerazuba,RW3,Rutsiro,RW32,Kigeyo,RW3203,
RW3204,Rwanda,Rwanda (le),U Rwanda,Rwanda,RW,Western Province,Province de l'Ouest,Iburengerazuba,RW3,Rutsiro,RW32,Kivumu,RW3204,
RW3205,Rwanda,Rwanda (le),U Rwanda,Rwanda,RW,Western Province,Province de l'Ouest,Iburengerazuba,RW3,Rutsiro,RW32,Manihira,RW3205,
RW3206,Rwanda,Rwanda (le),U Rwanda,Rwanda,RW,Western Province,Province de l'Ouest,Iburengerazuba,RW3,Rutsiro,RW32,Mukura,RW3206,
RW3207,Rwanda,Rwanda (le),U Rwanda,Rwanda,RW,Western Province,Province de l'Ouest,Iburengerazuba,RW3,Rutsiro,RW32,Murunda,RW3207,
RW3208,Rwanda,Rwanda (le),U Rwanda,Rwanda,RW,Western Province,Province de l'Ouest,Iburengerazuba,RW3,Rutsiro,RW32,Musasa,RW3208,
RW3209,Rwanda,Rwanda (le),U Rwanda,Rwanda,RW,Western Province,Province de l'Ouest,Iburengerazuba,RW3,Rutsiro,RW32,Mushonyi,RW3209,
RW3210,Rwanda,Rwanda (le),U Rwanda,Rwanda,RW,Western Province,Province de l'Ouest,Iburengerazuba,RW3,Rutsiro,RW32,Mushubati,RW3210,
RW3211,Rwanda,Rwanda (le),U Rwanda,Rwanda,RW,Western Province,Province de l'Ouest,Iburengerazuba,RW3,Rutsiro,RW32,Nyabirasi,RW3211,
RW3212,Rwanda,Rwanda (le),U Rwanda,Rwanda,RW,Western Province,Province de l'Ouest,Iburengerazuba,RW3,Rutsiro,RW32,Ruhango,RW3212,
RW3213,Rwanda,Rwanda (le),U Rwanda,Rwanda,RW,Western Province,Province de l'Ouest,Iburengerazuba,RW3,Rutsiro,RW32,Rusebeya,RW3213,
RW3301,Rwanda,Rwanda (le),U Rwanda,Rwanda,RW,Western Province,Province de l'Ouest,Iburengerazuba,RW3,Rubavu,RW33,Bugeshi,RW3301,
RW3302,Rwanda,Rwanda (le),U Rwanda,Rwanda,RW,Western Province,Province de l'Ouest,Iburengerazuba,RW3,Rubavu,RW33,Busasamana,RW3302,
RW3303,Rwanda,Rwanda (le),U Rwanda,Rwanda,RW,Western Province,Province de l'Ouest,Iburengerazuba,RW3,Rubavu,RW33,Cyanzarwe,RW3303,
RW3304,Rwanda,Rwanda (le),U Rwanda,Rwanda,RW,Western Province,Province de l'Ouest,Iburengerazuba,RW3,Rubavu,RW33,Gisenyi,RW3304,
RW3305,Rwanda,Rwanda (le),U Rwanda,Rwanda,RW,Western Province,Province de l'Ouest,Iburengerazuba,RW3,Rubavu,RW33,Kanama,RW3305,
RW3306,Rwanda,Rwanda (le),U Rwanda,Rwanda,RW,Western Province,Province de l'Ouest,Iburengerazuba,RW3,Rubavu,RW33,Kanzenze,RW3306,
RW3307,Rwanda,Rwanda (le),U Rwanda,Rwanda,RW,Western Province,Province de l'Ouest,Iburengerazuba,RW3,Rubavu,RW33,Mudende,RW3307,
RW3308,Rwanda,Rwanda (le),U Rwanda,Rwanda,RW,Western Province,Province de l'Ouest,Iburengerazuba,RW3,Rubavu,RW33,Nyakiriba,RW3308,Nyakiliba
RW3309,Rwanda,Rwanda (le),U Rwanda,Rwanda,RW,Western Province,Province de l'Ouest,Iburengerazuba,RW3,Rubavu,RW33,Nyamyumba,RW3309,
RW3310,Rwanda,Rwanda (le),U Rwanda,Rwanda,RW,Western Province,Province de l'Ouest,Iburengerazuba,RW3,Rubavu,RW33,Nyundo,RW3310,
RW3311,Rwanda,Rwanda (le),U Rwanda,Rwanda,RW,Western Province,Province de l'Ouest,Iburengerazuba,RW3,Rubavu,RW33,Rubavu,RW3311,
RW3312,Rwanda,Rwanda (le),U Rwanda,Rwanda,RW,Western Province,Province de l'Ouest,Iburengerazuba,RW3,Rubavu,RW33,Rugerero,RW3312,
RW3401,Rwanda,Rwanda (le),U Rwanda,Rwanda,RW,Western Province,Province de l'Ouest,Iburengerazuba,RW3,Nyabihu,RW34,Bigogwe,RW3401,
RW3402,Rwanda,Rwanda (le),U Rwanda,Rwanda,RW,Western Province,Province de l'Ouest,Iburengerazuba,RW3,Nyabihu,RW34,Jenda,RW3402,
RW3403,Rwanda,Rwanda (le),U Rwanda,Rwanda,RW,Western Province,Province de l'Ouest,Iburengerazuba,RW3,Nyabihu,RW34,Jomba,RW3403,
RW3404,Rwanda,Rwanda (le),U Rwanda,Rwanda,RW,Western Province,Province de l'Ouest,Iburengerazuba,RW3,Nyabihu,RW34,Kabatwa,RW3404,
RW3405,Rwanda,Rwanda (le),U Rwanda,Rwanda,RW,Western Province,Province de l'Ouest,Iburengerazuba,RW3,Nyabihu,RW34,Karago,RW3405,
RW3406,Rwanda,Rwanda (le),U Rwanda,Rwanda,RW,Western Province,Province de l'Ouest,Iburengerazuba,RW3,Nyabihu,RW34,Kintobo,RW3406,
RW3407,Rwanda,Rwanda (le),U Rwanda,Rwanda,RW,Western Province,Province de l'Ouest,Iburengerazuba,RW3,Nyabihu,RW34,Mukamira,RW3407,
RW3408,Rwanda,Rwanda (le),U Rwanda,Rwanda,RW,Western Province,Province de l'Ouest,Iburengerazuba,RW3,Nyabihu,RW34,Muringa,RW3408,
RW3409,Rwanda,Rwanda (le),U Rwanda,Rwanda,RW,Western Province,Province de l'Ouest,Iburengerazuba,RW3,Nyabihu,RW34,Rambura,RW3409,
RW3410,Rwanda,Rwanda (le),U Rwanda,Rwanda,RW,Western Province,Province de l'Ouest,Iburengerazuba,RW3,Nyabihu,RW34,Rugera,RW3410,
RW3411,Rwanda,Rwanda (le),U Rwanda,Rwanda,RW,Western Province,Province de l'Ouest,Iburengerazuba,RW3,Nyabihu,RW34,Rurembo,RW3411,
RW3412,Rwanda,Rwanda (le),U Rwanda,Rwanda,RW,Western Province,Province de l'Ouest,Iburengerazuba,RW3,Nyabihu,RW34,Shyira,RW3412,
RW3501,Rwanda,Rwanda (le),U Rwanda,Rwanda,RW,Western Province,Province de l'Ouest,Iburengerazuba,RW3,Ngororero,RW35,Bwira,RW3501,
RW3502,Rwanda,Rwanda (le),U Rwanda,Rwanda,RW,Western Province,Province de l'Ouest,Iburengerazuba,RW3,Ngororero,RW35,Gatumba,RW3502,
RW3503,Rwanda,Rwanda (le),U Rwanda,Rwanda,RW,Western Province,Province de l'Ouest,Iburengerazuba,RW3,Ngororero,RW35,Hindiro,RW3503,
RW3504,Rwanda,Rwanda (le),U Rwanda,Rwanda,RW,Western Province,Province de l'Ouest,Iburengerazuba,RW3,Ngororero,RW35,Kabaya,RW3504,
RW3505,Rwanda,Rwanda (le),U Rwanda,Rwanda,RW,Western Province,Province de l'Ouest,Iburengerazuba,RW3,Ngororero,RW35,Kageyo,RW3505,
RW3506,Rwanda,Rwanda (le),U Rwanda,Rwanda,RW,Western Province,Province de l'Ouest,Iburengerazuba,RW3,Ngororero,RW35,Kavumu,RW3506,
RW3507,Rwanda,Rwanda (le),U Rwanda,Rwanda,RW,Western Province,Province de l'Ouest,Iburengerazuba,RW3,Ngororero,RW35,Matyazo,RW3507,
RW3508,Rwanda,Rwanda (le),U Rwanda,Rwanda,RW,Western Province,Province de l'Ouest,Iburengerazuba,RW3,Ngororero,RW35,Muhanda,RW3508,
RW3509,Rwanda,Rwanda (le),U Rwanda,Rwanda,RW,Western Province,Province de l'Ouest,Iburengerazuba,RW3,Ngororero,RW35,Muhororo,RW3509,
RW3510,Rwanda,Rwanda (le),U Rwanda,Rwanda,RW,Western Province,Province de l'Ouest,Iburengerazuba,RW3,Ngororero,RW35,Ndaro,RW3510,
RW3511,Rwanda,Rwanda (le),U Rwanda,Rwanda,RW,Western Province,Province de l'Ouest,Iburengerazuba,RW3,Ngororero,RW35,Ngororero,RW3511,
RW3512,Rwanda,Rwanda (le),U Rwanda,Rwanda,RW,Western Province,Province de l'Ouest,Iburengerazuba,RW3,Ngororero,RW35,Nyange,RW3512,
RW3513,Rwanda,Rwanda (le),U Rwanda,Rwanda,RW,Western Province,Province de l'Ouest,Iburengerazuba,RW3,Ngororero,RW35,Sovu,RW3513,
RW3601,Rwanda,Rwanda (le),U Rwanda,Rwanda,RW,Western Province,Province de l'Ouest,Iburengerazuba,RW3,Rusizi,RW36,Bugarama,RW3601,
RW3602,Rwanda,Rwanda (le),U Rwanda,Rwanda,RW,Western Province,Province de l'Ouest,Iburengerazuba,RW3,Rusizi,RW36,Butare,RW3602,
RW3603,Rwanda,Rwanda (le),U Rwanda,Rwanda,RW,Western Province,Province de l'Ouest,Iburengerazuba,RW3,Rusizi,RW36,Bweyeye,RW3603,
RW3604,Rwanda,Rwanda (le),U Rwanda,Rwanda,RW,Western Province,Province de l'Ouest,Iburengerazuba,RW3,Rusizi,RW36,Gashonga,RW3604,
RW3605,Rwanda,Rwanda (le),U Rwanda,Rwanda,RW,Western Province,Province de l'Ouest,Iburengerazuba,RW3,Rusizi,RW36,Giheke,RW3605,
RW3606,Rwanda,Rwanda (le),U Rwanda,Rwanda,RW,Western Province,Province de l'Ouest,Iburengerazuba,RW3,Rusizi,RW36,Gihundwe,RW3606,
RW3607,Rwanda,Rwanda (le),U Rwanda,Rwanda,RW,Western Province,Province de l'Ouest,Iburengerazuba,RW3,Rusizi,RW36,Gikundamvura,RW3607,
RW3608,Rwanda,Rwanda (le),U Rwanda,Rwanda,RW,Western Province,Province de l'Ouest,Iburengerazuba,RW3,Rusizi,RW36,Gitambi,RW3608,
RW3609,Rwanda,Rwanda (le),U Rwanda,Rwanda,RW,Western Province,Province de l'Ouest,Iburengerazuba,RW3,Rusizi,RW36,Kamembe,RW3609,
RW3610,Rwanda,Rwanda (le),U Rwanda,Rwanda,RW,Western Province,Province de l'Ouest,Iburengerazuba,RW3,Rusizi,RW36,Muganza,RW3610,
RW3611,Rwanda,Rwanda (le),U Rwanda,Rwanda,RW,Western Province,Province de l'Ouest,Iburengerazuba,RW3,Rusizi,RW36,Mururu,RW3611,
RW3612,Rwanda,Rwanda (le),U Rwanda,Rwanda,RW,Western Province,Province de l'Ouest,Iburengerazuba,RW3,Rusizi,RW36,Nkanka,RW3612,
RW3613,Rwanda,Rwanda (le),U Rwanda,Rwanda,RW,Western Province,Province de l'Ouest,Iburengerazuba,RW3,Rusizi,RW36,Nkombo,RW3613,
RW3614,Rwanda,Rwanda (le),U Rwanda,Rwanda,RW,Western Province,Province de l'Ouest,Iburengerazuba,RW3,Rusizi,RW36,Nkungu,RW3614,
RW3615,Rwanda,Rwanda (le),U Rwanda,Rwanda,RW,Western Province,Province de l'Ouest,Iburengerazuba,RW3,Rusizi,RW36,Nyakabuye,RW3615,
RW3616,Rwanda,Rwanda (le),U Rwanda,Rwanda,RW,Western Province,Province de l'Ouest,Iburengerazuba,RW3,Rusizi,RW36,Nyakarenzo,RW3616,
RW3617,Rwanda,Rwanda (le),U Rwanda,Rwanda,RW,Western Province,Province de l'Ouest,Iburengerazuba,RW3,Rusizi,RW36,Nzahaha,RW3617,
RW3618,Rwanda,Rwanda (le),U Rwanda,Rwanda,RW,Western Province,Province de l'Ouest,Iburengerazuba,RW3,Rusizi,RW36,Rwimbogo,RW3618,
RW3701,Rwanda,Rwanda (le),U Rwanda,Rwanda,RW,Western Province,Province de l'Ouest,Iburengerazuba,RW3,Nyamasheke,RW37,Bushekeri,RW3701,
RW3702,Rwanda,Rwanda (le),U Rwanda,Rwanda,RW,Western Province,Province de l'Ouest,Iburengerazuba,RW3,Nyamasheke,RW37,Bushenge,RW3702,
RW3703,Rwanda,Rwanda (le),U Rwanda,Rwanda,RW,Western Province,Province de l'Ouest,Iburengerazuba,RW3,Nyamasheke,RW37,Cyato,RW3703,
RW3704,Rwanda,Rwanda (le),U Rwanda,Rwanda,RW,Western Province,Province de l'Ouest,Iburengerazuba,RW3,Nyamasheke,RW37,Gihombo,RW3704,
RW3705,Rwanda,Rwanda (le),U Rwanda,Rwanda,RW,Western Province,Province de l'Ouest,Iburengerazuba,RW3,Nyamasheke,RW37,Kagano,RW3705,
RW3706,Rwanda,Rwanda (le),U Rwanda,Rwanda,RW,Western Province,Province de l'Ouest,Iburengerazuba,RW3,Nyamasheke,RW37,Kanjongo,RW3706,
RW3707,Rwanda,Rwanda (le),U Rwanda,Rwanda,RW,Western Province,Province de l'Ouest,Iburengerazuba,RW3,Nyamasheke,RW37,Karambi,RW3707,
RW3708,Rwanda,Rwanda (le),U Rwanda,Rwanda,RW,Western Province,Province de l'Ouest,Iburengerazuba,RW3,Nyamasheke,RW37,Karengera,RW3708,
RW3709,Rwanda,Rwanda (le),U Rwanda,Rwanda,RW,Western Province,Province de l'Ouest,Iburengerazuba,RW3,Nyamasheke,RW37,Kirimbi,RW3709,
RW3710,Rwanda,Rwanda (le),U Rwanda,Rwanda,RW,Western Province,Province de l'Ouest,Iburengerazuba,RW3,Nyamasheke,RW37,Macuba,RW3710,
RW3711,Rwanda,Rwanda (le),U Rwanda,Rwanda,RW,Western Province,Province de l'Ouest,Iburengerazuba,RW3,Nyamasheke,RW37,Mahembe,RW3711,
RW3712,Rwanda,Rwanda (le),U Rwanda,Rwanda,RW,Western Province,Province de l'Ouest,Iburengerazuba,RW3,Nyamasheke,RW37,Nyabitekeri,RW3712,
RW3713,Rwanda,Rwanda (le),U Rwanda,Rwanda,RW,Western Province,Province de l'Ouest,Iburengerazuba,RW3,Nyamasheke,RW37,Rangiro,RW3713,
RW3714,Rwanda,Rwanda (le),U Rwanda,Rwanda,RW,Western Province,Province de l'Ouest,Iburengerazuba,RW3,Nyamasheke,RW37,Ruharambuga,RW3714,
RW3715,Rwanda,Rwanda (le),U Rwanda,Rwanda,RW,Western Province,Province de l'Ouest,Iburengerazuba,RW3,Nyamasheke,RW37,Shangi,RW3715,
RW4101,Rwanda,Rwanda (le),U Rwanda,Rwanda,RW,Northern Province,Province du Nord,Amajyaruguru,RW4,Rulindo,RW41,Base,RW4101,
RW4102,Rwanda,Rwanda (le),U Rwanda,Rwanda,RW,Northern Province,Province du Nord,Amajyaruguru,RW4,Rulindo,RW41,Burega,RW4102,
RW4103,Rwanda,Rwanda (le),U Rwanda,Rwanda,RW,Northern Province,Province du Nord,Amajyaruguru,RW4,Rulindo,RW41,Bushoki,RW4103,
RW4104,Rwanda,Rwanda (le),U Rwanda,Rwanda,RW,Northern Province,Province du Nord,Amajyaruguru,RW4,Rulindo,RW41,Buyoga,RW4104,
RW4105,Rwanda,Rwanda (le),U Rwanda,Rwanda,RW,Northern Province,Province du Nord,Amajyaruguru,RW4,Rulindo,RW41,Cyinzuzi,RW4105,
RW4106,Rwanda,Rwanda (le),U Rwanda,Rwanda,RW,Northern Province,Province du Nord,Amajyaruguru,RW4,Rulindo,RW41,Cyungo,RW4106,
RW4107,Rwanda,Rwanda (le),U Rwanda,Rwanda,RW,Northern Province,Province du Nord,Amajyaruguru,RW4,Rulindo,RW41,Kinihira,RW4107,
RW4108,Rwanda,Rwanda (le),U Rwanda,Rwanda,RW,Northern Province,Province du Nord,Amajyaruguru,RW4,Rulindo,RW41,Kisaro,RW4108,
RW4109,Rwanda,Rwanda (le),U Rwanda,Rwanda,RW,Northern Province,Province du Nord,Amajyaruguru,RW4,Rulindo,RW41,Masoro,RW4109,
RW4110,Rwanda,Rwanda (le),U Rwanda,Rwanda,RW,Northern Province,Province du Nord,Amajyaruguru,RW4,Rulindo,RW41,Mbogo,RW4110,
RW4111,Rwanda,Rwanda (le),U Rwanda,Rwanda,RW,Northern Province,Province du Nord,Amajyaruguru,RW4,Rulindo,RW41,Murambi,RW4111,
RW4112,Rwanda,Rwanda (le),U Rwanda,Rwanda,RW,Northern Province,Province du Nord,Amajyaruguru,RW4,Rulindo,RW41,Ngoma,RW4112,
RW4113,Rwanda,Rwanda (le),U Rwanda,Rwanda,RW,Northern Province,Province du Nord,Amajyaruguru,RW4,Rulindo,RW41,Ntarabana,RW4113,
RW4114,Rwanda,Rwanda (le),U Rwanda,Rwanda,RW,Northern Province,Province du Nord,Amajyaruguru,RW4,Rulindo,RW41,Rukozo,RW4114,
RW4115,Rwanda,Rwanda (le),U Rwanda,Rwanda,RW,Northern Province,Province du Nord,Amajyaruguru,RW4,Rulindo,RW41,Rusiga,RW4115,
RW4116,Rwanda,Rwanda (le),U Rwanda,Rwanda,RW,Northern Province,Province du Nord,Amajyaruguru,RW4,Rulindo,RW41,Shyrongi,RW4116,Shyorongi
RW4117,Rwanda,Rwanda (le),U Rwanda,Rwanda,RW,Northern Province,Province du Nord,Amajyaruguru,RW4,Rulindo,RW41,Tumba,RW4117,
RW4201,Rwanda,Rwanda (le),U Rwanda,Rwanda,RW,Northern Province,Province du Nord,Amajyaruguru,RW4,Gakenke,RW42,Busengo,RW4201,
RW4202,Rwanda,Rwanda (le),U Rwanda,Rwanda,RW,Northern Province,Province du Nord,Amajyaruguru,RW4,Gakenke,RW42,Coko,RW4202,
RW4203,Rwanda,Rwanda (le),U Rwanda,Rwanda,RW,Northern Province,Province du Nord,Amajyaruguru,RW4,Gakenke,RW42,Cyabingo,RW4203,
RW4204,Rwanda,Rwanda (le),U Rwanda,Rwanda,RW,Northern Province,Province du Nord,Amajyaruguru,RW4,Gakenke,RW42,Gakenke,RW4204,
RW4205,Rwanda,Rwanda (le),U Rwanda,Rwanda,RW,Northern Province,Province du Nord,Amajyaruguru,RW4,Gakenke,RW42,Gashenyi,RW4205,
RW4206,Rwanda,Rwanda (le),U Rwanda,Rwanda,RW,Northern Province,Province du Nord,Amajyaruguru,RW4,Gakenke,RW42,Janja,RW4206,
RW4207,Rwanda,Rwanda (le),U Rwanda,Rwanda,RW,Northern Province,Province du Nord,Amajyaruguru,RW4,Gakenke,RW42,Kamubuga,RW4207,
RW4208,Rwanda,Rwanda (le),U Rwanda,Rwanda,RW,Northern Province,Province du Nord,Amajyaruguru,RW4,Gakenke,RW42,Karambo,RW4208,
RW4209,Rwanda,Rwanda (le),U Rwanda,Rwanda,RW,Northern Province,Province du Nord,Amajyaruguru,RW4,Gakenke,RW42,Kivuruga,RW4209,
RW4210,Rwanda,Rwanda (le),U Rwanda,Rwanda,RW,Northern Province,Province du Nord,Amajyaruguru,RW4,Gakenke,RW42,Mataba,RW4210,
RW4211,Rwanda,Rwanda (le),U Rwanda,Rwanda,RW,Northern Province,Province du Nord,Amajyaruguru,RW4,Gakenke,RW42,Minazi,RW4211,
RW4212,Rwanda,Rwanda (le),U Rwanda,Rwanda,RW,Northern Province,Province du Nord,Amajyaruguru,RW4,Gakenke,RW42,Mugunga,RW4212,
RW4213,Rwanda,Rwanda (le),U Rwanda,Rwanda,RW,Northern Province,Province du Nord,Amajyaruguru,RW4,Gakenke,RW42,Muhondo,RW4213,
RW4214,Rwanda,Rwanda (le),U Rwanda,Rwanda,RW,Northern Province,Province du Nord,Amajyaruguru,RW4,Gakenke,RW42,Muyongwe,RW4214,
RW4215,Rwanda,Rwanda (le),U Rwanda,Rwanda,RW,Northern Province,Province du Nord,Amajyaruguru,RW4,Gakenke,RW42,Muzo,RW4215,
RW4216,Rwanda,Rwanda (le),U Rwanda,Rwanda,RW,Northern Province,Province du Nord,Amajyaruguru,RW4,Gakenke,RW42,Nemba,RW4216,
RW4217,Rwanda,Rwanda (le),U Rwanda,Rwanda,RW,Northern Province,Province du Nord,Amajyaruguru,RW4,Gakenke,RW42,Ruli,RW4217,
RW4218,Rwanda,Rwanda (le),U Rwanda,Rwanda,RW,Northern Province,Province du Nord,Amajyaruguru,RW4,Gakenke,RW42,Rusasa,RW4218,
RW4219,Rwanda,Rwanda (le),U Rwanda,Rwanda,RW,Northern Province,Province du Nord,Amajyaruguru,RW4,Gakenke,RW42,Rushashi,RW4219,
RW4301,Rwanda,Rwanda (le),U Rwanda,Rwanda,RW,Northern Province,Province du Nord,Amajyaruguru,RW4,Musanze,RW43,Busogo,RW4301,
RW4302,Rwanda,Rwanda (le),U Rwanda,Rwanda,RW,Northern Province,Province du Nord,Amajyaruguru,RW4,Musanze,RW43,Cyuve,RW4302,
RW4303,Rwanda,Rwanda (le),U Rwanda,Rwanda,RW,Northern Province,Province du Nord,Amajyaruguru,RW4,Musanze,RW43,Gacaca,RW4303,
RW4304,Rwanda,Rwanda (le),U Rwanda,Rwanda,RW,Northern Province,Province du Nord,Amajyaruguru,RW4,Musanze,RW43,Gashaki,RW4304,
RW4305,Rwanda,Rwanda (le),U Rwanda,Rwanda,RW,Northern Province,Province du Nord,Amajyaruguru,RW4,Musanze,RW43,Gataraga,RW4305,
RW4306,Rwanda,Rwanda (le),U Rwanda,Rwanda,RW,Northern Province,Province du Nord,Amajyaruguru,RW4,Musanze,RW43,Kimonyi,RW4306,
RW4307,Rwanda,Rwanda (le),U Rwanda,Rwanda,RW,Northern Province,Province du Nord,Amajyaruguru,RW4,Musanze,RW43,Kinigi,RW4307,
RW4308,Rwanda,Rwanda (le),U Rwanda,Rwanda,RW,Northern Province,Province du Nord,Amajyaruguru,RW4,Musanze,RW43,Muhoza,RW4308,
RW4309,Rwanda,Rwanda (le),U Rwanda,Rwanda,RW,Northern Province,Province du Nord,Amajyaruguru,RW4,Musanze,RW43,Muko,RW4309,
RW4310,Rwanda,Rwanda (le),U Rwanda,Rwanda,RW,Northern Province,Province du Nord,Amajyaruguru,RW4,Musanze,RW43,Musanze,RW4310,
RW4311,Rwanda,Rwanda (le),U Rwanda,Rwanda,RW,Northern Province,Province du Nord,Amajyaruguru,RW4,Musanze,RW43,Nkotsi,RW4311,
RW4312,Rwanda,Rwanda (le),U Rwanda,Rwanda,RW,Northern Province,Province du Nord,Amajyaruguru,RW4,Musanze,RW43,Nyange,RW4312,
RW4313,Rwanda,Rwanda (le),U Rwanda,Rwanda,RW,Northern Province,Province du Nord,Amajyaruguru,RW4,Musanze,RW43,Remera,RW4313,
RW4314,Rwanda,Rwanda (le),U Rwanda,Rwanda,RW,Northern Province,Province du Nord,Amajyaruguru,RW4,Musanze,RW43,Rwaza,RW4314,
RW4315,Rwanda,Rwanda (le),U Rwanda,Rwanda,RW,Northern Province,Province du Nord,Amajyaruguru,RW4,Musanze,RW43,Shingiro,RW4315,
RW4401,Rwanda,Rwanda (le),U Rwanda,Rwanda,RW,Northern Province,Province du Nord,Amajyaruguru,RW4,Burera,RW44,Bungwe,RW4401,
RW4402,Rwanda,Rwanda (le),U Rwanda,Rwanda,RW,Northern Province,Province du Nord,Amajyaruguru,RW4,Burera,RW44,Butaro,RW4402,
RW4403,Rwanda,Rwanda (le),U Rwanda,Rwanda,RW,Northern Province,Province du Nord,Amajyaruguru,RW4,Burera,RW44,Cyanika,RW4403,
RW4404,Rwanda,Rwanda (le),U Rwanda,Rwanda,RW,Northern Province,Province du Nord,Amajyaruguru,RW4,Burera,RW44,Cyeru,RW4404,
RW4405,Rwanda,Rwanda (le),U Rwanda,Rwanda,RW,Northern Province,Province du Nord,Amajyaruguru,RW4,Burera,RW44,Gahunga,RW4405,
RW4406,Rwanda,Rwanda (le),U Rwanda,Rwanda,RW,Northern Province,Province du Nord,Amajyaruguru,RW4,Burera,RW44,Gatebe,RW4406,
RW4407,Rwanda,Rwanda (le),U Rwanda,Rwanda,RW,Northern Province,Province du Nord,Amajyaruguru,RW4,Burera,RW44,Gitovu,RW4407,
RW4408,Rwanda,Rwanda (le),U Rwanda,Rwanda,RW,Northern Province,Province du Nord,Amajyaruguru,RW4,Burera,RW44,Kagogo,RW4408,
RW4409,Rwanda,Rwanda (le),U Rwanda,Rwanda,RW,Northern Province,Province du Nord,Amajyaruguru,RW4,Burera,RW44,Kinoni,RW4409,
RW4410,Rwanda,Rwanda (le),U Rwanda,Rwanda,RW,Northern Province,Province du Nord,Amajyaruguru,RW4,Burera,RW44,Kinyababa,RW4410,
RW4411,Rwanda,Rwanda (le),U Rwanda,Rwanda,RW,Northern Province,Province du Nord,Amajyaruguru,RW4,Burera,RW44,Kivuye,RW4411,
RW4412,Rwanda,Rwanda (le),U Rwanda,Rwanda,RW,Northern Province,Province du Nord,Amajyaruguru,RW4,Burera,RW44,Nemba,RW4412,
RW4413,Rwanda,Rwanda (le),U Rwanda,Rwanda,RW,Northern Province,Province du Nord,Amajyaruguru,RW4,Burera,RW44,Rugarama,RW4413,
RW4414,Rwanda,Rwanda (le),U Rwanda,Rwanda,RW,Northern Province,Province du Nord,Amajyaruguru,RW4,Burera,RW44,Rugengabari,RW4414,
RW4415,Rwanda,Rwanda (le),U Rwanda,Rwanda,RW,Northern Province,Province du Nord,Amajyaruguru,RW4,Burera,RW44,Ruhunde,RW4415,
RW4416,Rwanda,Rwanda (le),U Rwanda,Rwanda,RW,Northern Province,Province du Nord,Amajyaruguru,RW4,Burera,RW44,Rusarabuye,RW4416,Rusarabuge
RW4417,Rwanda,Rwanda (le),U Rwanda,Rwanda,RW,Northern Province,Province du Nord,Amajyaruguru,RW4,Burera,RW44,Rwerere,RW4417,
RW4501,Rwanda,Rwanda (le),U Rwanda,Rwanda,RW,Northern Province,Province du Nord,Amajyaruguru,RW4,Gicumbi,RW45,Bukure,RW4501,
RW4502,Rwanda,Rwanda (le),U Rwanda,Rwanda,RW,Northern Province,Province du Nord,Amajyaruguru,RW4,Gicumbi,RW45,Bwisige,RW4502,
RW4503,Rwanda,Rwanda (le),U Rwanda,Rwanda,RW,Northern Province,Province du Nord,Amajyaruguru,RW4,Gicumbi,RW45,Byumba,RW4503,
RW4504,Rwanda,Rwanda (le),U Rwanda,Rwanda,RW,Northern Province,Province du Nord,Amajyaruguru,RW4,Gicumbi,RW45,Cyumba,RW4504,
RW4505,Rwanda,Rwanda (le),U Rwanda,Rwanda,RW,Northern Province,Province du Nord,Amajyaruguru,RW4,Gicumbi,RW45,Giti,RW4505,
RW4506,Rwanda,Rwanda (le),U Rwanda,Rwanda,RW,Northern Province,Province du Nord,Amajyaruguru,RW4,Gicumbi,RW45,Kageyo,RW4506,
RW4507,Rwanda,Rwanda (le),U Rwanda,Rwanda,RW,Northern Province,Province du Nord,Amajyaruguru,RW4,Gicumbi,RW45,Kaniga,RW4507,
RW4508,Rwanda,Rwanda (le),U Rwanda,Rwanda,RW,Northern Province,Province du Nord,Amajyaruguru,RW4,Gicumbi,RW45,Manyagiro,RW4508,
RW4509,Rwanda,Rwanda (le),U Rwanda,Rwanda,RW,Northern Province,Province du Nord,Amajyaruguru,RW4,Gicumbi,RW45,Miyove,RW4509,
RW4510,Rwanda,Rwanda (le),U Rwanda,Rwanda,RW,Northern Province,Province du Nord,Amajyaruguru,RW4,Gicumbi,RW45,Mukarange,RW4510,
RW4511,Rwanda,Rwanda (le),U Rwanda,Rwanda,RW,Northern Province,Province du Nord,Amajyaruguru,RW4,Gicumbi,RW45,Muko,RW4511,
RW4512,Rwanda,Rwanda (le),U Rwanda,Rwanda,RW,Northern Province,Province du Nord,Amajyaruguru,RW4,Gicumbi,RW45,Mutete,RW4512,
RW4513,Rwanda,Rwanda (le),U Rwanda,Rwanda,RW,Northern Province,Province du Nord,Amajyaruguru,RW4,Gicumbi,RW45,Nyamiyaga,RW4513,
RW4514,Rwanda,Rwanda (le),U Rwanda,Rwanda,RW,Northern Province,Province du Nord,Amajyaruguru,RW4,Gicumbi,RW45,Nyankenke,RW4514,
RW4515,Rwanda,Rwanda (le),U Rwanda,Rwanda,RW,Northern Province,Province du Nord,Amajyaruguru,RW4,Gicumbi,RW45,Rubaya,RW4515,
RW4516,Rwanda,Rwanda (le),U Rwanda,Rwanda,RW,Northern Province,Province du Nord,Amajyaruguru,RW4,Gicumbi,RW45,Rukomo,RW4516,
RW4517,Rwanda,Rwanda (le),U Rwanda,Rwanda,RW,Northern Province,Province du Nord,Amajyaruguru,RW4,Gicumbi,RW45,Rushaki,RW4517,
RW4518,Rwanda,Rwanda (le),U Rwanda,Rwanda,RW,Northern Province,Province du Nord,Amajyaruguru,RW4,Gicumbi,RW45,Rutare,RW4518,
RW4519,Rwanda,Rwanda (le),U Rwanda,Rwanda,RW,Northern Province,Province du Nord,Amajyaruguru,RW4,Gicumbi,RW45,Ruvune,RW4519,
RW4520,Rwanda,Rwanda (le),U Rwanda,Rwanda,RW,Northern Province,Province du Nord,Amajyaruguru,RW4,Gicumbi,RW45,Rwamiko,RW4520,
RW4521,Rwanda,Rwanda (le),U Rwanda,Rwanda,RW,Northern Province,Province du Nord,Amajyaruguru,RW4,Gicumbi,RW45,Shangasha,RW4521,
RW5101,Rwanda,Rwanda (le),U Rwanda,Rwanda,RW,Eastern Province,Province de l'Est,Iburasirazuba,RW5,Rwamagana,RW51,Fumbwe,RW5101,
RW5102,Rwanda,Rwanda (le),U Rwanda,Rwanda,RW,Eastern Province,Province de l'Est,Iburasirazuba,RW5,Rwamagana,RW51,Gahengeri,RW5102,
RW5103,Rwanda,Rwanda (le),U Rwanda,Rwanda,RW,Eastern Province,Province de l'Est,Iburasirazuba,RW5,Rwamagana,RW51,Gishali,RW5103,Gishari
RW5104,Rwanda,Rwanda (le),U Rwanda,Rwanda,RW,Eastern Province,Province de l'Est,Iburasirazuba,RW5,Rwamagana,RW51,Karenge,RW5104,
RW5105,Rwanda,Rwanda (le),U Rwanda,Rwanda,RW,Eastern Province,Province de l'Est,Iburasirazuba,RW5,Rwamagana,RW51,Kigabiro,RW5105,
RW5106,Rwanda,Rwanda (le),U Rwanda,Rwanda,RW,Eastern Province,Province de l'Est,Iburasirazuba,RW5,Rwamagana,RW51,Muhazi,RW5106,
RW5107,Rwanda,Rwanda (le),U Rwanda,Rwanda,RW,Eastern Province,Province de l'Est,Iburasirazuba,RW5,Rwamagana,RW51,Munyaga,RW5107,
RW5108,Rwanda,Rwanda (le),U Rwanda,Rwanda,RW,Eastern Province,Province de l'Est,Iburasirazuba,RW5,Rwamagana,RW51,Munyiginya,RW5108,
RW5109,Rwanda,Rwanda (le),U Rwanda,Rwanda,RW,Eastern Province,Province de l'Est,Iburasirazuba,RW5,Rwamagana,RW51,Musha,RW5109,
RW5110,Rwanda,Rwanda (le),U Rwanda,Rwanda,RW,Eastern Province,Province de l'Est,Iburasirazuba,RW5,Rwamagana,RW51,Muyumbu,RW5110,
RW5111,Rwanda,Rwanda (le),U Rwanda,Rwanda,RW,Eastern Province,Province de l'Est,Iburasirazuba,RW5,Rwamagana,RW51,Mwulire,RW5111,
RW5112,Rwanda,Rwanda (le),U Rwanda,Rwanda,RW,Eastern Province,Province de l'Est,Iburasirazuba,RW5,Rwamagana,RW51,Nyakaliro,RW5112,Nyakariro
RW5113,Rwanda,Rwanda (le),U Rwanda,Rwanda,RW,Eastern Province,Province de l'Est,Iburasirazuba,RW5,Rwamagana,RW51,Nzige,RW5113,
RW5114,Rwanda,Rwanda (le),U Rwanda,Rwanda,RW,Eastern Province,Province de l'Est,Iburasirazuba,RW5,Rwamagana,RW51,Rubona,RW5114,
RW5201,Rwanda,Rwanda (le),U Rwanda,Rwanda,RW,Eastern Province,Province de l'Est,Iburasirazuba,RW5,Nyagatare,RW52,Gatunda,RW5201,
RW5202,Rwanda,Rwanda (le),U Rwanda,Rwanda,RW,Eastern Province,Province de l'Est,Iburasirazuba,RW5,Nyagatare,RW52,Karama,RW5202,
RW5203,Rwanda,Rwanda (le),U Rwanda,Rwanda,RW,Eastern Province,Province de l'Est,Iburasirazuba,RW5,Nyagatare,RW52,Karangazi,RW5203,
RW5204,Rwanda,Rwanda (le),U Rwanda,Rwanda,RW,Eastern Province,Province de l'Est,Iburasirazuba,RW5,Nyagatare,RW52,Katabagemu,RW5204,
RW5205,Rwanda,Rwanda (le),U Rwanda,Rwanda,RW,Eastern Province,Province de l'Est,Iburasirazuba,RW5,Nyagatare,RW52,Kiyombe,RW5205,
RW5206,Rwanda,Rwanda (le),U Rwanda,Rwanda,RW,Eastern Province,Province de l'Est,Iburasirazuba,RW5,Nyagatare,RW52,Matimba,RW5206,
RW5207,Rwanda,Rwanda (le),U Rwanda,Rwanda,RW,Eastern Province,Province de l'Est,Iburasirazuba,RW5,Nyagatare,RW52,Mimuri,RW5207,Mimuri
RW5208,Rwanda,Rwanda (le),U Rwanda,Rwanda,RW,Eastern Province,Province de l'Est,Iburasirazuba,RW5,Nyagatare,RW52,Mukama,RW5208,
RW5209,Rwanda,Rwanda (le),U Rwanda,Rwanda,RW,Eastern Province,Province de l'Est,Iburasirazuba,RW5,Nyagatare,RW52,Musheri,RW5209,Musheli
RW5210,Rwanda,Rwanda (le),U Rwanda,Rwanda,RW,Eastern Province,Province de l'Est,Iburasirazuba,RW5,Nyagatare,RW52,Nyagatare,RW5210,
RW5211,Rwanda,Rwanda (le),U Rwanda,Rwanda,RW,Eastern Province,Province de l'Est,Iburasirazuba,RW5,Nyagatare,RW52,Rukomo,RW5211,
RW5212,Rwanda,Rwanda (le),U Rwanda,Rwanda,RW,Eastern Province,Province de l'Est,Iburasirazuba,RW5,Nyagatare,RW52,Rwempasha,RW5212,
RW5213,Rwanda,Rwanda (le),U Rwanda,Rwanda,RW,Eastern Province,Province de l'Est,Iburasirazuba,RW5,Nyagatare,RW52,Rwimiyaga,RW5213,
RW5214,Rwanda,Rwanda (le),U Rwanda,Rwanda,RW,Eastern Province,Province de l'Est,Iburasirazuba,RW5,Nyagatare,RW52,Tabagwe,RW5214,
RW5301,Rwanda,Rwanda (le),U Rwanda,Rwanda,RW,Eastern Province,Province de l'Est,Iburasirazuba,RW5,Gatsibo,RW53,Gasange,RW5301,
RW5302,Rwanda,Rwanda (le),U Rwanda,Rwanda,RW,Eastern Province,Province de l'Est,Iburasirazuba,RW5,Gatsibo,RW53,Gatsibo,RW5302,
RW5303,Rwanda,Rwanda (le),U Rwanda,Rwanda,RW,Eastern Province,Province de l'Est,Iburasirazuba,RW5,Gatsibo,RW53,Gitoki,RW5303,
RW5304,Rwanda,Rwanda (le),U Rwanda,Rwanda,RW,Eastern Province,Province de l'Est,Iburasirazuba,RW5,Gatsibo,RW53,Kabarore,RW5304,
RW5305,Rwanda,Rwanda (le),U Rwanda,Rwanda,RW,Eastern Province,Province de l'Est,Iburasirazuba,RW5,Gatsibo,RW53,Kageyo,RW5305,
RW5306,Rwanda,Rwanda (le),U Rwanda,Rwanda,RW,Eastern Province,Province de l'Est,Iburasirazuba,RW5,Gatsibo,RW53,Kiramuruzi,RW5306,
RW5307,Rwanda,Rwanda (le),U Rwanda,Rwanda,RW,Eastern Province,Province de l'Est,Iburasirazuba,RW5,Gatsibo,RW53,Kiziguro,RW5307,
RW5308,Rwanda,Rwanda (le),U Rwanda,Rwanda,RW,Eastern Province,Province de l'Est,Iburasirazuba,RW5,Gatsibo,RW53,Muhura,RW5308,
RW5309,Rwanda,Rwanda (le),U Rwanda,Rwanda,RW,Eastern Province,Province de l'Est,Iburasirazuba,RW5,Gatsibo,RW53,Murambi,RW5309,
RW5310,Rwanda,Rwanda (le),U Rwanda,Rwanda,RW,Eastern Province,Province de l'Est,Iburasirazuba,RW5,Gatsibo,RW53,Ngarama,RW5310,
RW5311,Rwanda,Rwanda (le),U Rwanda,Rwanda,RW,Eastern Province,Province de l'Est,Iburasirazuba,RW5,Gatsibo,RW53,Nyagihanga,RW5311,
RW5312,Rwanda,Rwanda (le),U Rwanda,Rwanda,RW,Eastern Province,Province de l'Est,Iburasirazuba,RW5,Gatsibo,RW53,Remera,RW5312,
RW5313,Rwanda,Rwanda (le),U Rwanda,Rwanda,RW,Eastern Province,Province de l'Est,Iburasirazuba,RW5,Gatsibo,RW53,Rugarama,RW5313,
RW5314,Rwanda,Rwanda (le),U Rwanda,Rwanda,RW,Eastern Province,Province de l'Est,Iburasirazuba,RW5,Gatsibo,RW53,Rwimbogo,RW5314,
RW5401,Rwanda,Rwanda (le),U Rwanda,Rwanda,RW,Eastern Province,Province de l'Est,Iburasirazuba,RW5,Kayonza,RW54,Gahini,RW5401,
RW5402,Rwanda,Rwanda (le),U Rwanda,Rwanda,RW,Eastern Province,Province de l'Est,Iburasirazuba,RW5,Kayonza,RW54,Kabare,RW5402,
RW5403,Rwanda,Rwanda (le),U Rwanda,Rwanda,RW,Eastern Province,Province de l'Est,Iburasirazuba,RW5,Kayonza,RW54,Kabarondo,RW5403,
RW5404,Rwanda,Rwanda (le),U Rwanda,Rwanda,RW,Eastern Province,Province de l'Est,Iburasirazuba,RW5,Kayonza,RW54,Mukarange,RW5404,
RW5405,Rwanda,Rwanda (le),U Rwanda,Rwanda,RW,Eastern Province,Province de l'Est,Iburasirazuba,RW5,Kayonza,RW54,Murama,RW5405,
RW5406,Rwanda,Rwanda (le),U Rwanda,Rwanda,RW,Eastern Province,Province de l'Est,Iburasirazuba,RW5,Kayonza,RW54,Murundi,RW5406,
RW5407,Rwanda,Rwanda (le),U Rwanda,Rwanda,RW,Eastern Province,Province de l'Est,Iburasirazuba,RW5,Kayonza,RW54,Mwiri,RW5407,
RW5408,Rwanda,Rwanda (le),U Rwanda,Rwanda,RW,Eastern Province,Province de l'Est,Iburasirazuba,RW5,Kayonza,RW54,Ndego,RW5408,
RW5409,Rwanda,Rwanda (le),U Rwanda,Rwanda,RW,Eastern Province,Province de l'Est,Iburasirazuba,RW5,Kayonza,RW54,Nyamirama,RW5409,
RW5410,Rwanda,Rwanda (le),U Rwanda,Rwanda,RW,Eastern Province,Province de l'Est,Iburasirazuba,RW5,Kayonza,RW54,Rukara,RW5410,
RW5411,Rwanda,Rwanda (le),U Rwanda,Rwanda,RW,Eastern Province,Province de l'Est,Iburasirazuba,RW5,Kayonza,RW54,Ruramira,RW5411,
RW5412,Rwanda,Rwanda (le),U Rwanda,Rwanda,RW,Eastern Province,Province de l'Est,Iburasirazuba,RW5,Kayonza,RW54,Rwinkwavu,RW5412,
RW5501,Rwanda,Rwanda (le),U Rwanda,Rwanda,RW,Eastern Province,Province de l'Est,Iburasirazuba,RW5,Kirehe,RW55,Gahara,RW5501,
RW5502,Rwanda,Rwanda (le),U Rwanda,Rwanda,RW,Eastern Province,Province de l'Est,Iburasirazuba,RW5,Kirehe,RW55,Gatore,RW5502,
RW5503,Rwanda,Rwanda (le),U Rwanda,Rwanda,RW,Eastern Province,Province de l'Est,Iburasirazuba,RW5,Kirehe,RW55,Kigarama,RW5503,
RW5504,Rwanda,Rwanda (le),U Rwanda,Rwanda,RW,Eastern Province,Province de l'Est,Iburasirazuba,RW5,Kirehe,RW55,Kigina,RW5504,
RW5505,Rwanda,Rwanda (le),U Rwanda,Rwanda,RW,Eastern Province,Province de l'Est,Iburasirazuba,RW5,Kirehe,RW55,Kirehe,RW5505,
RW5506,Rwanda,Rwanda (le),U Rwanda,Rwanda,RW,Eastern Province,Province de l'Est,Iburasirazuba,RW5,Kirehe,RW55,Mahama,RW5506,
RW5507,Rwanda,Rwanda (le),U Rwanda,Rwanda,RW,Eastern Province,Province de l'Est,Iburasirazuba,RW5,Kirehe,RW55,Mpanga,RW5507,
RW5508,Rwanda,Rwanda (le),U Rwanda,Rwanda,RW,Eastern Province,Province de l'Est,Iburasirazuba,RW5,Kirehe,RW55,Musaza,RW5508,
RW5509,Rwanda,Rwanda (le),U Rwanda,Rwanda,RW,Eastern Province,Province de l'Est,Iburasirazuba,RW5,Kirehe,RW55,Mushikiri,RW5509,
RW5510,Rwanda,Rwanda (le),U Rwanda,Rwanda,RW,Eastern Province,Province de l'Est,Iburasirazuba,RW5,Kirehe,RW55,Nasho,RW5510,
RW5511,Rwanda,Rwanda (le),U Rwanda,Rwanda,RW,Eastern Province,Province de l'Est,Iburasirazuba,RW5,Kirehe,RW55,Nyamugari,RW5511,Nyamugali
RW5512,Rwanda,Rwanda (le),U Rwanda,Rwanda,RW,Eastern Province,Province de l'Est,Iburasirazuba,RW5,Kirehe,RW55,Nyarubuye,RW5512,
RW5601,Rwanda,Rwanda (le),U Rwanda,Rwanda,RW,Eastern Province,Province de l'Est,Iburasirazuba,RW5,Ngoma,RW56,Gashanda,RW5601,
RW5602,Rwanda,Rwanda (le),U Rwanda,Rwanda,RW,Eastern Province,Province de l'Est,Iburasirazuba,RW5,Ngoma,RW56,Jarama,RW5602,
RW5603,Rwanda,Rwanda (le),U Rwanda,Rwanda,RW,Eastern Province,Province de l'Est,Iburasirazuba,RW5,Ngoma,RW56,Karembo,RW5603,
RW5604,Rwanda,Rwanda (le),U Rwanda,Rwanda,RW,Eastern Province,Province de l'Est,Iburasirazuba,RW5,Ngoma,RW56,Kazo,RW5604,
RW5605,Rwanda,Rwanda (le),U Rwanda,Rwanda,RW,Eastern Province,Province de l'Est,Iburasirazuba,RW5,Ngoma,RW56,Kibungo,RW5605,
RW5606,Rwanda,Rwanda (le),U Rwanda,Rwanda,RW,Eastern Province,Province de l'Est,Iburasirazuba,RW5,Ngoma,RW56,Mugesera,RW5606,
RW5607,Rwanda,Rwanda (le),U Rwanda,Rwanda,RW,Eastern Province,Province de l'Est,Iburasirazuba,RW5,Ngoma,RW56,Murama,RW5607,
RW5608,Rwanda,Rwanda (le),U Rwanda,Rwanda,RW,Eastern Province,Province de l'Est,Iburasirazuba,RW5,Ngoma,RW56,Mutenderi,RW5608,
RW5609,Rwanda,Rwanda (le),U Rwanda,Rwanda,RW,Eastern Province,Province de l'Est,Iburasirazuba,RW5,Ngoma,RW56,Remera,RW5609,
RW5610,Rwanda,Rwanda (le),U Rwanda,Rwanda,RW,Eastern Province,Province de l'Est,Iburasirazuba,RW5,Ngoma,RW56,Rukira,RW5610,
RW5611,Rwanda,Rwanda (le),U Rwanda,Rwanda,RW,Eastern Province,Province de l'Est,Iburasirazuba,RW5,Ngoma,RW56,Rukumberi,RW5611,
RW5612,Rwanda,Rwanda (le),U Rwanda,Rwanda,RW,Eastern Province,Province de l'Est,Iburasirazuba,RW5,Ngoma,RW56,Rurenge,RW5612,
RW5613,Rwanda,Rwanda (le),U Rwanda,Rwanda,RW,Eastern Province,Province de l'Est,Iburasirazuba,RW5,Ngoma,RW56,Sake,RW5613,
RW5614,Rwanda,Rwanda (le),U Rwanda,Rwanda,RW,Eastern Province,Province de l'Est,Iburasirazuba,RW5,Ngoma,RW56,Zaza,RW5614,
RW5701,Rwanda,Rwanda (le),U Rwanda,Rwanda,RW,Eastern Province,Province de l'Est,Iburasirazuba,RW5,Bugesera,RW57,Gashora,RW5701,
RW5702,Rwanda,Rwanda (le),U Rwanda,Rwanda,RW,Eastern Province,Province de l'Est,Iburasirazuba,RW5,Bugesera,RW57,Juru,RW5702,
RW5703,Rwanda,Rwanda (le),U Rwanda,Rwanda,RW,Eastern Province,Province de l'Est,Iburasirazuba,RW5,Bugesera,RW57,Kamabuye,RW5703,
RW5704,Rwanda,Rwanda (le),U Rwanda,Rwanda,RW,Eastern Province,Province de l'Est,Iburasirazuba,RW5,Bugesera,RW57,Mareba,RW5704,
RW5705,Rwanda,Rwanda (le),U Rwanda,Rwanda,RW,Eastern Province,Province de l'Est,Iburasirazuba,RW5,Bugesera,RW57,Mayange,RW5705,
RW5706,Rwanda,Rwanda (le),U Rwanda,Rwanda,RW,Eastern Province,Province de l'Est,Iburasirazuba,RW5,Bugesera,RW57,Musenyi,RW5706,
RW5707,Rwanda,Rwanda (le),U Rwanda,Rwanda,RW,Eastern Province,Province de l'Est,Iburasirazuba,RW5,Bugesera,RW57,Mwogo,RW5707,
RW5708,Rwanda,Rwanda (le),U Rwanda,Rwanda,RW,Eastern Province,Province de l'Est,Iburasirazuba,RW5,Bugesera,RW57,Ngeruka,RW5708,
RW5709,Rwanda,Rwanda (le),U Rwanda,Rwanda,RW,Eastern Province,Province de l'Est,Iburasirazuba,RW5,Bugesera,RW57,Ntarama,RW5709,
RW5710,Rwanda,Rwanda (le),U Rwanda,Rwanda,RW,Eastern Province,Province de l'Est,Iburasirazuba,RW5,Bugesera,RW57,Nyamata,RW5710,
RW5711,Rwanda,Rwanda (le),U Rwanda,Rwanda,RW,Eastern Province,Province de l'Est,Iburasirazuba,RW5,Bugesera,RW57,Nyarugenge,RW5711,
RW5712,Rwanda,Rwanda (le),U Rwanda,Rwanda,RW,Eastern Province,Province de l'Est,Iburasirazuba,RW5,Bugesera,RW57,Rilima,RW5712,
RW5713,Rwanda,Rwanda (le),U Rwanda,Rwanda,RW,Eastern Province,Province de l'Est,Iburasirazuba,RW5,Bugesera,RW57,Ruhuha,RW5713,
RW5714,Rwanda,Rwanda (le),U Rwanda,Rwanda,RW,Eastern Province,Province de l'Est,Iburasirazuba,RW5,Bugesera,RW57,Rweru,RW5714,
RW5715,Rwanda,Rwanda (le),U Rwanda,Rwanda,RW,Eastern Province,Province de l'Est,Iburasirazuba,RW5,Bugesera,RW57,Shyara,RW5715,
